Název,Cena,Umístění,Odkaz
Írsky seter s PP,Cena není uvedena,Umístění není uvedeno,/inzerat/163608337/irsky-seter-s-pp.php
"Predám trpasličie pudle,pudlìk",Cena není uvedena,Umístění není uvedeno,/inzerat/163450757/predam-trpaslicie-pudlepudlk.php
Weimarský stavač s PP,Cena není uvedena,Umístění není uvedeno,/inzerat/163521866/weimarsky-stavac-s-pp.php
jazvečík trpasličí isabela farby,Cena není uvedena,Umístění není uvedeno,/inzerat/163595074/jazvecik-trpaslici-isabela-farby.php
"Mäso pre psov ,kuracie zbytky, krmivo pre psy",Cena není uvedena,Umístění není uvedeno,/inzerat/162802354/maso-pre-psov-kuracie-zbytky.php
Nemecká doga modrá CHS ⭐ Taura Stars ⭐,Cena není uvedena,Umístění není uvedeno,/inzerat/163556935/nemecka-doga-modra-chs-taura-stars.php
Francúzsky buldoček,Cena není uvedena,Umístění není uvedeno,/inzerat/163534304/francuzsky-buldocek.php
Dalmatin štěně s PP,Cena není uvedena,Umístění není uvedeno,/inzerat/163361206/dalmatin-stene-s-pp.php
Predám komplet zariadenie pre včelára,Cena není uvedena,Umístění není uvedeno,/inzerat/163592275/predam-komplet-zariadenie-pre-vcelara.php
Nemecká doga šteniatka s preukazom pôvodu,Cena není uvedena,Umístění není uvedeno,/inzerat/163269171/nemecka-doga-steniatka-s-preukazom-povodu.php
Čínsky chocholatý pes - šteniatka,Cena není uvedena,Umístění není uvedeno,/inzerat/163600686/cinsky-chocholaty-pes-steniatka.php
Kuriatka kurčatá,Cena není uvedena,Umístění není uvedeno,/inzerat/163449781/kuriatka-kurcata.php
Cane Corso s PP,Cena není uvedena,Umístění není uvedeno,/inzerat/163423481/cane-corso-s-pp.php
Stredoázijský ovčiak,Cena není uvedena,Umístění není uvedeno,/inzerat/162478973/stredoazijsky-ovciak.php
´Welsh corgi cardigan,Cena není uvedena,Umístění není uvedeno,/inzerat/163620792/welsh-corgi-cardigan.php
Maltézsky psík s PP,Cena není uvedena,Umístění není uvedeno,/inzerat/163488834/maltezsky-psik-s-pp.php
Drezúrne sedlo PRESTIGE,Cena není uvedena,Umístění není uvedeno,/inzerat/163287061/drezurne-sedlo-prestige.php
Austrálske sedlo,Cena není uvedena,Umístění není uvedeno,/inzerat/163287456/australske-sedlo.php
SUŠENÉ KURACIE HLAVY PRE PSY - VYSOKO VÝŽIVNÉ,Cena není uvedena,Umístění není uvedeno,/inzerat/163351041/susene-kuracie-hlavy-pre-psy-vysoko-vyzivne.php
Nemecký ovčiak s PP,Cena není uvedena,Umístění není uvedeno,/inzerat/163428318/nemecky-ovciak-s-pp.php
